time,device,sha256,fetch_ms,verify_ms,result,parse_ms,dns_ms,install_ms,total_ms,rules
2026-10-08T13:03:17,CAM,3a4554129c6c,51.26,7.42,INITIAL,0.91,1408.1,101.1,1569.6,8
2026-10-08T13:04:55,CAM,3a4554129c6c,48.64,7.35,INITIAL,0.91,1328.3,109.5,1495.4,8
2026-10-08T13:05:39,CAM,baab3bdb2412,42.94,1.45,RELOAD,0.94,0.0,133.9,179.8,9
2026-10-08T13:05:42,CAM,8054ed952805,42.56,1.53,RELOAD,0.86,0.0,110.3,155.8,8
2026-10-08T13:05:44,CAM,f7c8c1f55b1e,42.96,1.34,RELOAD,0.88,0.0,110.7,156.4,9
2026-10-08T13:05:46,CAM,38e45dca6fb3,42.78,1.26,RELOAD,0.95,0.0,112.3,157.8,8
2026-10-08T13:05:48,CAM,5ae8926803d5,42.73,1.33,RELOAD,0.88,0.0,120.7,166.1,9
2026-10-08T13:05:50,CAM,63ae9caf805b,42.97,1.25,RELOAD,0.81,0.0,132.0,177.5,8
2026-10-08T13:05:52,CAM,d513e2919e05,42.86,1.28,RELOAD,1.19,0.0,121.0,166.8,9
2026-10-08T13:05:55,CAM,b104da594bfc,43.65,1.26,RELOAD,0.8,0.0,110.3,156.5,8
2026-10-08T13:05:57,CAM,6a6ba398ba3d,43.08,1.37,RELOAD,1.05,0.0,122.4,168.4,9
2026-10-08T13:05:59,CAM,02d4ce1a771c,42.89,1.26,RELOAD,0.81,0.0,140.2,185.6,8
2026-10-08T13:06:01,CAM,3a4554129c6c,40.36,1.33,RELOAD,0.79,0.0,123.1,166.0,8
